Region,Seed1,Seed2,ID,Team1,Team2,Probability
W,2,1,2025_1104_1181,Alabama,Duke,0.26550865
X,8,3,2025_1211_1246,Gonzaga,Kentucky,0.85747075
Y,1,2,2025_1120_1277,Auburn,Michigan St,0.7838889
Z,1,3,2025_1196_1403,Florida,Texas Tech,0.65694726
