Region,Seed1,Seed2,ID,Team1,Team2,Probability
W,2,1,2025_1104_1181,Alabama,Duke,0.3388642749143531
X,1,2,2025_1222_1397,Houston,Tennessee,0.6927224142652728
Y,1,2,2025_1120_1277,Auburn,Michigan St,0.6953945199157895
Z,1,2,2025_1196_1385,Florida,St John's,0.6929817372116024
