Region,Seed1,Seed2,ID,Team1,Team2,Probability
W,1,1,2025_1181_1222,Duke,Houston,0.5256340790641135
Y,1,1,2025_1120_1196,Auburn,Florida,0.4763111845432215
