Region,Seed1,Seed2,ID,Team1,Team2,Probability
W,4,1,2025_1112_1181,Arizona,Duke,0.1611604933633645
W,2,3,2025_1104_1458,Alabama,Wisconsin,0.6768550475045875
X,5,1,2025_1155_1222,Clemson,Houston,0.1260864329453527
X,3,2,2025_1246_1397,Kentucky,Tennessee,0.2878563228945476
Y,1,4,2025_1120_1401,Auburn,Texas A&M,0.8650922559319663
Y,3,2,2025_1235_1277,Iowa St,Michigan St,0.4013502121841886
Z,1,4,2025_1196_1268,Florida,Maryland,0.825773573006436
Z,2,3,2025_1385_1403,St John's,Texas Tech,0.5422105600137663
