Region,Seed1,Seed2,ID,Team1,Team2,Probability
W,4,1,2025_1112_1181,Arizona,Duke,0.12679659
W,2,6,2025_1104_1140,Alabama,BYU,0.8411219
X,8,4,2025_1211_1345,Gonzaga,Purdue,0.87221456
X,3,2,2025_1246_1397,Kentucky,Tennessee,0.64665467
Y,1,5,2025_1120_1276,Auburn,Michigan,0.9081563
Y,3,2,2025_1235_1277,Iowa St,Michigan St,0.29131415
Z,1,4,2025_1196_1268,Florida,Maryland,0.7368399
Z,7,3,2025_1242_1403,Kansas,Texas Tech,0.24231175
