Region,Seed1,Seed2,ID,Team1,Team2,Probability
W,2,1,2025_1104_1181,Alabama,Duke,0.1610794636494584
X,8,2,2025_1211_1397,Gonzaga,Tennessee,0.9513564029377548
Y,1,2,2025_1120_1277,Auburn,Michigan St,0.7403556623920245
Z,1,3,2025_1196_1403,Florida,Texas Tech,0.7850796192162783
