Region,Seed1,Seed2,ID,Team1,Team2,Probability
W,1,8,2025_1181_1211,Duke,Gonzaga,0.6114988277387541
Y,1,1,2025_1120_1196,Auburn,Florida,0.7672303938100841
