Region,Seed1,Seed2,ID,Team1,Team2,Probability
W,4,1,2025_1112_1181,Arizona,Duke,0.1980726380012922
W,2,6,2025_1104_1140,Alabama,BYU,0.8819462775756012
X,5,8,2025_1155_1211,Clemson,Gonzaga,0.0975541029495605
X,3,2,2025_1246_1397,Kentucky,Tennessee,0.4004232424360909
Y,1,5,2025_1120_1276,Auburn,Michigan,0.8925859012147153
Y,3,2,2025_1235_1277,Iowa St,Michigan St,0.2485273769098041
Z,1,4,2025_1196_1268,Florida,Maryland,0.8026575928034835
Z,7,3,2025_1242_1403,Kansas,Texas Tech,0.1697328732516511
