Region,Seed1,Seed2,ID,Team1,Team2,Probability
W,4,1,2025_1112_1181,Arizona,Duke,0.1331111690783787
W,2,3,2025_1104_1458,Alabama,Wisconsin,0.6968760686034312
X,5,1,2025_1155_1222,Clemson,Houston,0.1104121030172949
X,3,2,2025_1246_1397,Kentucky,Tennessee,0.3720018851513303
Y,1,4,2025_1120_1401,Auburn,Texas A&M,0.871705632675753
Y,3,2,2025_1235_1277,Iowa St,Michigan St,0.3452197677026721
Z,1,4,2025_1196_1268,Florida,Maryland,0.8615593761275674
Z,2,3,2025_1385_1403,St John's,Texas Tech,0.526292868301283
